0,76.606,0,0
1,76.032,1.1607,0.80792
2,75.75,1.2056,0.80188
3,76.228,1.2824,0.7989
4,75.702,1.2428,0.80394
5,75.49,1.3504,0.79839
6,76.071,1.341,0.79616
7,75.144,1.3215,0.80228
8,75.255,1.3634,0.7925
9,74.746,1.323,0.79368
10,75.206,1.4591,0.78831
11,75.091,1.4135,0.79316
12,75.369,1.3674,0.79195
13,74.545,1.3421,0.79487
14,74.908,1.4328,0.78619
15,74.721,1.3374,0.79002
16,74.902,1.3512,0.78804
17,74.965,1.366,0.78996
18,73.969,1.2528,0.79062
19,74.242,1.4045,0.78011
20,73.931,1.3694,0.78299
21,73.61,1.401,0.77972
22,73.425,1.4266,0.77633
23,73.34,1.4414,0.77438
24,73.376,1.3285,0.77348
25,73.432,1.3439,0.77386
26,72.947,1.3541,0.77445
27,72.76,1.3048,0.76934
28,72.353,1.2494,0.76736
29,71.925,1.2761,0.76307
30,72.234,1.3349,0.75856
31,72.225,1.3905,0.76182
32,71.619,1.3973,0.76172
33,72.191,1.4565,0.75534
34,71.809,1.4152,0.76136
35,71.889,1.4372,0.75733
36,70.706,1.3486,0.75818
37,71.079,1.3298,0.7457
38,70.645,1.4064,0.74963
39,70.822,1.3191,0.74506
40,70.168,1.3073,0.74692
41,70.354,1.3626,0.74002
42,69.256,1.3314,0.74199
43,69.013,1.3368,0.73041
44,69.825,1.436,0.72784
45,69.035,1.3123,0.73641
46,69.119,1.3594,0.72808
47,67.817,1.3698,0.72897
48,68.911,1.4945,0.71524
49,68.065,1.3569,0.72677
50,67.173,1.472,0.71785
51,67.188,1.5138,0.70844
52,67.068,1.5162,0.7086
53,67.098,1.519,0.70733
54,66.538,1.495,0.70765
55,66.652,1.415,0.70174
56,65.368,1.4009,0.70294
57,65.034,1.3809,0.6894
58,65.299,1.441,0.68588
59,65.555,1.5043,0.68868
60,65.2,1.4709,0.69138
61,65.118,1.4382,0.68763
62,64.777,1.4745,0.68676
63,63.776,1.3656,0.68317
64,64.056,1.3876,0.67261
65,63.402,1.4102,0.67556
66,62.852,1.319,0.66867
67,63.605,1.4532,0.66287
68,62.829,1.4494,0.67081
69,62.512,1.4354,0.66262
70,61.153,1.3822,0.65928
71,60.514,1.4084,0.64495
72,61.513,1.5168,0.63822
73,60.303,1.4132,0.64874
74,59.973,1.3583,0.63599
75,59.373,1.5036,0.6325
76,59.094,1.4417,0.62617
77,58.706,1.5549,0.62323
78,58.566,1.4858,0.61914
79,57.65,1.4893,0.61767
80,57.136,1.4768,0.60801
81,57.196,1.5552,0.60258
82,57.415,1.6026,0.60322
83,56.995,1.496,0.60553
84,56.706,1.4687,0.6011
85,55.273,1.4208,0.59805
86,56.045,1.5385,0.58294
87,54.53,1.4862,0.59107
88,54.482,1.5387,0.57511
89,53.305,1.4666,0.5746
90,53.817,1.5582,0.56218
91,52.831,1.5787,0.56758
92,52.731,1.5176,0.55718
93,52.876,1.5138,0.55613
94,51.357,1.4386,0.55766
95,51.364,1.4295,0.54163
96,51.258,1.4661,0.54171
97,50.357,1.4362,0.5406
98,50.22,1.4605,0.53109
99,49.232,1.4978,0.52965
100,48.838,1.4302,0.51923
101,48.471,1.4278,0.51507
102,48.704,1.4261,0.5112
103,48.122,1.3875,0.51366
104,46.963,1.453,0.50752
105,47.691,1.57,0.49529
106,45.579,1.536,0.50297
107,45.745,1.5258,0.4807
108,44.912,1.5989,0.48245
109,44.894,1.5729,0.47367
110,44.24,1.6969,0.47347
111,43.709,1.8147,0.46657
112,42.814,1.7013,0.46097
113,42.449,1.714,0.45154
114,42.494,1.7185,0.44769
115,41.613,1.651,0.44817
116,41.81,1.6534,0.43887
117,40.568,1.5728,0.44095
118,40.947,1.6959,0.42785
119,39.325,1.6313,0.43185
120,39.017,1.6258,0.41474
121,38.702,1.6659,0.4115
122,38.093,1.6821,0.40817
123,37.492,1.6186,0.40175
124,36.501,1.6009,0.39541
125,37.092,1.7558,0.38496
126,35.828,1.6844,0.3912
127,35.18,1.7194,0.37786
128,34.703,1.7286,0.37103
129,34.585,1.7655,0.366
130,33.598,1.7477,0.36475
131,33.588,1.7113,0.35434
132,32.728,1.8234,0.35424
133,32.874,1.8773,0.34517
134,31.252,1.8048,0.34671
135,31.035,1.9067,0.3296
136,30.107,1.9998,0.32731
137,30.64,2.0966,0.31752
138,28.995,2.0802,0.32314
139,28.852,2.2224,0.3058
140,28.498,2.3176,0.30429
141,27.814,2.3921,0.30055
142,26.725,2.4197,0.29335
143,26.364,2.4579,0.28186
144,26.146,2.5488,0.27804
145,25.775,2.5732,0.27575
146,25.385,2.576,0.27183
147,24.02,2.505,0.26773
148,23.99,2.5844,0.25333
149,23.689,2.5928,0.25301
150,22.963,2.6647,0.24984
151,21.826,2.5894,0.24218
152,21.412,2.5629,0.23019
153,20.934,2.5752,0.22582
154,20.461,2.6808,0.22078
155,19.798,2.8125,0.21579
156,19.577,2.9923,0.2088
157,19.442,3.1178,0.20647
158,18.462,3.1059,0.20505
159,17.912,3.2445,0.19471
160,17.553,3.3283,0.18891
161,16.974,3.4792,0.18512
162,16.458,3.605,0.17902
163,16.315,3.719,0.17357
164,15.258,3.7351,0.17206
165,15.172,3.9266,0.16092
166,14.574,4.0519,0.16002
167,14.021,4.1138,0.15371
168,13.815,4.348,0.14787
169,13.439,4.4284,0.1457
170,12.961,4.6679,0.14173
171,12.744,4.7657,0.13669
172,12.224,4.9188,0.13441
173,11.948,5.104,0.12892
174,11.443,5.1714,0.12601
175,11.341,5.3312,0.12068
176,11.076,5.3818,0.11961
177,10.681,5.5321,0.11681
178,10.456,5.6616,0.11265
179,9.9722,5.9277,0.11028
180,9.7959,6.3058,0.10517
181,9.505,6.5372,0.10331
182,9.4841,6.8764,0.10024
183,9.3089,7.0585,0.10002
184,9.152,7.3793,0.098176
185,8.9606,7.6678,0.096522
186,8.7677,7.8501,0.094503
187,8.64,8.1709,0.092469
188,8.6348,8.5063,0.091122
189,8.5357,8.7236,0.091067
190,8.6123,8.8752,0.090022
191,8.4417,9.1044,0.09083
192,8.4035,9.4324,0.08903
193,8.4717,9.7793,0.088628
194,8.6279,10.017,0.089347
195,8.6172,10.171,0.090995
196,8.8319,10.418,0.090881
197,9.0134,10.52,0.093145
198,9.1798,10.678,0.09506
199,9.6277,10.763,0.096814
200,9.7976,10.844,0.10154
201,10.251,10.923,0.10333
202,10.752,11.032,0.10811
203,11.311,10.987,0.11339
204,11.874,10.916,0.11929
205,12.7,10.936,0.12523
206,13.43,11.012,0.13394
207,14.538,10.952,0.14164
208,15.19,10.884,0.15333
209,16.489,10.822,0.1602
210,17.781,10.838,0.17391
211,19.164,10.704,0.18752
212,20.969,10.601,0.20211
213,22.433,10.414,0.22115
214,23.912,10.177,0.23659
215,26.116,10.112,0.25219
216,27.819,9.8719,0.27544
217,29.707,9.6586,0.29339
218,30.589,9.3739,0.31331
219,32.004,9.081,0.3226
220,33.749,8.8575,0.33753
221,35.188,8.5736,0.35593
222,36.727,8.3967,0.37111
223,38.142,8.1175,0.38734
224,39.779,7.9232,0.40227
225,40.642,7.5919,0.41953
226,40.922,7.2095,0.42863
227,41.775,6.839,0.43158
228,42.882,6.5541,0.44058
229,42.856,6.2509,0.45225
230,44.064,6.0414,0.45198
231,43.522,5.8076,0.46472
232,43.932,5.5641,0.459
233,45.358,5.4054,0.46333
234,44.556,5.1564,0.47837
235,45.663,4.9741,0.46991
236,44.213,4.6914,0.48158
237,45.339,4.5673,0.4663
238,45.02,4.44,0.47817
239,45.647,4.1238,0.4748
240,45.254,3.8534,0.48142
241,44.628,3.7958,0.47727
242,45.823,3.6696,0.47067
243,44.692,3.3952,0.48327
244,44.266,3.2149,0.47135
245,44.985,3.1977,0.46685
246,44.45,3.0076,0.47444
247,43.864,2.8598,0.46879
248,44.466,2.8484,0.46261
249,43.951,2.6983,0.46896
250,44.416,2.5676,0.46353
251,43.191,2.4394,0.46843
252,43.559,2.4909,0.45552
253,43.007,2.2932,0.45939
254,42.748,2.2357,0.45357
255,43.238,2.0918,0.45084
256,41.973,2.0575,0.45601
257,41.974,2.0066,0.44267
258,42.47,2.0187,0.44268
259,41.494,1.9549,0.44792
260,41.222,1.9739,0.43761
261,41.249,1.9721,0.43475
262,41.814,1.8995,0.43503
263,40.859,1.7976,0.44099
264,40.89,1.8243,0.43092
265,40.581,1.8576,0.43125
266,41.064,1.8558,0.42799
267,40.757,1.7622,0.43308
268,40.538,1.8132,0.42985
269,40.046,1.8096,0.42753
270,39.401,1.792,0.42235
271,39.129,1.7644,0.41554
272,38.672,1.806,0.41267
273,38.085,1.814,0.40786
274,39.05,1.877,0.40166
275,37.828,1.88,0.41184
276,38.068,1.956,0.39895
277,38.195,2.0348,0.40148
278,37.172,2.0711,0.40282
279,36.83,2.1738,0.39203
280,36.704,2.1534,0.38843
281,37.139,2.0912,0.38709
282,35.688,1.9594,0.39168
283,35.983,1.9774,0.37639
284,35.087,1.9193,0.37949
285,34.896,1.9205,0.37005
286,35.432,1.9883,0.36803
287,34.997,2.0649,0.37368
288,34.164,2.0788,0.3691
289,33.912,2.0058,0.36031
290,34.237,2.0716,0.35765
291,32.76,2.0101,0.36108
292,33.253,2.0902,0.34551
293,32.476,2.0982,0.3507
294,32.27,2.1097,0.34251
295,31.771,2.1042,0.34034
296,32.002,2.0401,0.33507
297,30.668,1.935,0.33751
298,30.555,2.0298,0.32344
299,30.723,2.0521,0.32225
300,29.753,2.0695,0.32402
301,29.84,2.1948,0.31379
302,29.853,2.3216,0.31471
303,29.303,2.3004,0.31485
304,28.794,2.3243,0.30905
305,28.826,2.3954,0.30367
306,27.897,2.4035,0.30401
307,27.845,2.4328,0.29421
308,26.898,2.5035,0.29367
309,26.542,2.4371,0.28368
310,26.602,2.5201,0.27993
311,25.904,2.4922,0.28056
312,25.744,2.5293,0.2732
313,25.026,2.5753,0.27151
314,25.073,2.5386,0.26394
315,24.303,2.5727,0.26443
316,24.076,2.6212,0.25631
317,24.157,2.63,0.25391
318,23.111,2.5172,0.25477
319,23.043,2.5065,0.24374
320,22.335,2.4567,0.24302
321,21.873,2.5089,0.23555
322,21.254,2.5387,0.23069
323,20.894,2.5986,0.22415
324,20.833,2.7755,0.22036
325,20.604,2.893,0.21971
326,20.168,2.9129,0.2173
327,19.989,2.9481,0.2127
328,19.462,3.0587,0.21082
329,18.964,3.0834,0.20526
330,18.85,3.1718,0.2
331,18.222,3.1397,0.1988
332,17.489,3.1996,0.19218
333,17.294,3.2858,0.18445
334,17.057,3.3154,0.1824
335,16.928,3.3983,0.17989
336,16.512,3.5665,0.17853
337,16.08,3.7687,0.17414
338,15.699,3.7585,0.16959
339,15.443,3.8927,0.16557
340,14.803,3.9852,0.16286
341,14.734,4.1468,0.15612
342,14.544,4.285,0.15539
343,13.844,4.443,0.15339
344,13.882,4.6309,0.14601
345,13.215,4.7719,0.1464
346,13.044,4.9722,0.13937
347,12.857,5.1029,0.13757
348,12.192,5.2025,0.1356
349,12.373,5.4679,0.12858
350,11.945,5.5129,0.13049
351,11.845,5.7693,0.12598
352,11.382,5.946,0.12493
353,11.059,6.1193,0.12004
354,11.057,6.3548,0.11663
355,10.697,6.5001,0.11661
356,10.601,6.794,0.11282
357,10.445,6.9925,0.1118
358,10.08,7.2448,0.11015
359,9.9643,7.5531,0.10631
360,9.977,7.7506,0.10509
361,10.003,7.9888,0.10522
362,9.8623,8.1031,0.10549
363,9.6032,8.2317,0.10401
364,9.6722,8.4382,0.10128
365,9.6652,8.6264,0.10201
366,9.7178,8.8555,0.10193
367,9.8055,8.9914,0.10249
368,9.8649,9.1305,0.10341
369,10.013,9.1889,0.10404
370,10.144,9.3847,0.1056
371,10.31,9.484,0.10699
372,10.651,9.6348,0.10874
373,11.01,9.8275,0.11233
374,11.285,9.8969,0.11611
375,11.67,9.993,0.11902
376,12.374,10.155,0.12308
377,12.738,10.153,0.1305
378,13.402,10.216,0.13435
379,14.476,10.215,0.14134
380,15.486,10.26,0.15267
381,16.123,10.16,0.16332
382,17.489,10.148,0.17004
383,18.924,10.044,0.18444
384,20.009,9.9041,0.19958
385,22.003,9.7822,0.21102
386,23.934,9.5543,0.23206
387,25.738,9.3029,0.25242
388,27.154,9.1362,0.27144
389,29.117,8.9432,0.28638
390,31.657,8.811,0.30708
391,33.234,8.5009,0.33387
392,35.421,8.1465,0.35051
393,37.272,7.8402,0.37357
394,38.858,7.4916,0.39309
395,41.002,7.2469,0.40982
396,41.989,6.9817,0.43242
397,43.629,6.7299,0.44284
398,45.139,6.4943,0.46013
399,46.881,6.1875,0.47606
400,48.068,5.9106,0.49443
401,50.19,5.7442,0.50695
402,50.861,5.4162,0.52933
403,51.85,5.0821,0.53641
404,51.988,4.7665,0.54683
405,53.416,4.5439,0.5483
406,53.602,4.3278,0.56335
407,54.696,4.0758,0.56532
408,55.509,3.763,0.57686
409,55.678,3.5537,0.58542
410,56.698,3.3801,0.58721
411,57.23,3.2161,0.59797
412,57.382,3.0284,0.60358
413,57.329,2.8171,0.60518
414,58.646,2.646,0.60462
415,58.688,2.421,0.61851
416,58.671,2.2947,0.61895
417,59.177,2.1829,0.61878
418,58.522,2.1052,0.62411
419,59.93,2.0355,0.6172
420,60.079,1.8826,0.63206
421,59.87,1.872,0.63363
422,59.4,1.7258,0.63142
423,59.578,1.7237,0.62646
424,60.118,1.7523,0.62835
425,60.135,1.6761,0.63404
426,59.937,1.6609,0.63421
427,61.201,1.628,0.63213
428,59.999,1.5884,0.64545
429,61.18,1.671,0.63278
430,60.762,1.5049,0.64523
431,61.327,1.5741,0.64083
432,61.165,1.5192,0.64678
433,61.265,1.549,0.64508
434,61.694,1.5835,0.64613
435,61.776,1.6293,0.65065
436,61.619,1.6636,0.65152
437,61.451,1.5444,0.64986
438,60.658,1.5046,0.64809
439,61.485,1.6447,0.63973
440,60.963,1.6768,0.64845
441,61.227,1.6229,0.64294
442,61.571,1.6677,0.64573
443,61.324,1.5811,0.64936
444,61.475,1.5451,0.64675
445,61.151,1.6274,0.64835
446,61.369,1.6818,0.64493
447,61.702,1.6613,0.64723
448,61.663,1.7117,0.65074
449,62.103,1.7417,0.65033
450,62.39,1.6833,0.65497
451,61.387,1.5973,0.658
452,61.848,1.6548,0.64741
453,61.426,1.599,0.65228
454,61.515,1.537,0.64783
455,61.846,1.514,0.64876
456,61.633,1.5677,0.65226
457,61.42,1.5286,0.65001
458,60.845,1.4834,0.64776
459,61.72,1.4977,0.6417
460,61.074,1.4799,0.65093
461,61.763,1.5614,0.64411
462,61.534,1.5063,0.65138
463,61.948,1.5183,0.64897
464,61.178,1.5511,0.65334
465,61.261,1.6364,0.64522
466,61.268,1.5381,0.64609
467,60.922,1.498,0.64616
468,61.077,1.5036,0.64251
469,60.965,1.5786,0.64415
470,60.864,1.4417,0.64297
471,60.897,1.4647,0.64191
472,60.159,1.4492,0.64225
473,60.063,1.5147,0.63447
474,60.449,1.4548,0.63345
475,59.961,1.4636,0.63752
476,59.843,1.551,0.63238
477,60.444,1.6127,0.63113
478,60.432,1.5996,0.63747
479,60.227,1.5474,0.63735
480,59.465,1.5226,0.63518
481,58.929,1.4855,0.62715
482,59.941,1.5353,0.62149
483,59.691,1.4855,0.63216
484,59.327,1.4279,0.62953
485,59.049,1.4409,0.6257
486,58.664,1.5144,0.62276
487,57.996,1.4829,0.6187
488,58.851,1.4626,0.61166
489,57.968,1.398,0.62067
490,57.387,1.489,0.61136
491,57.948,1.5713,0.60524
492,57.671,1.5171,0.61114
493,57.109,1.4052,0.60823
494,57.203,1.5513,0.6023
495,56.421,1.5128,0.6033
496,56.219,1.5246,0.59504
497,57.05,1.5654,0.59291
498,56.227,1.6076,0.60168
499,55.716,1.5236,0.593
500,56.692,1.5971,0.58761
501,56.185,1.6159,0.5979
502,55.865,1.6052,0.59255
503,55.022,1.5994,0.58918
504,54.756,1.5679,0.58029
505,54.715,1.5418,0.57749
506,54.437,1.4966,0.57705
507,54.012,1.414,0.57412
508,53.115,1.4311,0.56963
509,54.18,1.5278,0.56017
510,53.433,1.5075,0.57141
511,52.722,1.4304,0.56353
512,52.956,1.4495,0.55603
513,52.887,1.5026,0.5585
514,52.967,1.5214,0.55777
515,52.749,1.5326,0.55862
516,51.762,1.5066,0.55631
517,51.491,1.4819,0.54591
518,51.091,1.4435,0.54305
519,51.022,1.5612,0.53883
520,49.978,1.5669,0.5381
521,49.726,1.6189,0.5271
522,49.856,1.6895,0.52443
523,49.918,1.7232,0.5258
524,48.682,1.6602,0.52646
525,48.289,1.6535,0.51342
526,49.031,1.7184,0.50928
527,48.019,1.6176,0.51711
528,47.308,1.5848,0.50643
529,46.466,1.573,0.49893
530,46.891,1.6999,0.49006
531,46.54,1.6641,0.49453
532,45.654,1.6525,0.49084
533,45.661,1.6582,0.48149
534,46.023,1.6772,0.48156
535,45.088,1.6218,0.48538
536,44.058,1.5634,0.47552
537,44.772,1.6725,0.46466
538,44.283,1.6641,0.47219
539,43.164,1.7443,0.46703
540,43.227,1.8014,0.45523
541,43.36,1.7803,0.45589
542,42.07,1.7812,0.4573
543,41.559,1.8319,0.44369
544,41.612,1.8058,0.4383
545,41.189,1.7658,0.43886
546,40.119,1.8028,0.4344
547,39.654,1.7693,0.42312
548,40.194,1.8487,0.41821
549,38.863,1.8647,0.4239
550,38.142,1.7799,0.40987
551,37.765,1.7689,0.40227
552,37.669,1.7634,0.39829
553,37.35,1.8787,0.39727
554,37.387,1.8716,0.39391
555,36.697,1.8743,0.3943
556,36.047,1.8448,0.38703
557,35.066,1.903,0.38017
558,35.195,1.8986,0.36983
559,35.137,1.9071,0.37118
560,34.52,1.9504,0.37057
561,34.211,1.8955,0.36407
562,33.323,1.8143,0.36081
563,32.352,1.8123,0.35144
564,32.613,1.9086,0.3412
565,31.664,1.8842,0.34395
566,31.389,1.9503,0.33395
567,30.347,2.0496,0.33104
568,30.376,2.0632,0.32006
569,30.473,2.0393,0.32036
570,29.36,1.9972,0.32138
571,29.502,1.9624,0.30965
572,28.889,2.0096,0.31114
573,28.118,1.9919,0.30468
574,27.787,1.9451,0.29654
575,27.801,2.0319,0.29305
576,27.388,2.0107,0.2932
577,26.48,2.0074,0.28885
578,26.851,2.1749,0.27927
579,26.067,2.115,0.28318
580,25.231,2.1767,0.27491
581,24.562,2.2188,0.2661
582,24.199,2.2667,0.25905
583,23.673,2.2751,0.25521
584,23.916,2.3593,0.24966
585,22.75,2.3118,0.25223
586,22.256,2.5139,0.23993
587,22.286,2.698,0.23472
588,21.914,2.6098,0.23504
589,21.326,2.6561,0.23112
590,20.566,2.6537,0.22492
591,20.182,2.6889,0.2169
592,19.697,2.8074,0.21285
593,19.436,2.9483,0.20774
594,19.093,2.9984,0.20498
595,18.474,3.0638,0.20136
596,18.033,3.1294,0.19484
597,17.701,3.1479,0.19019
598,17.156,3.2511,0.18669
599,16.581,3.3297,0.18094
600,16.135,3.4268,0.17487
601,16.148,3.4856,0.17017
602,15.613,3.4676,0.1703
603,15.124,3.5949,0.16467
604,14.724,3.6997,0.15951
605,14.54,3.8776,0.15528
606,14.152,4.0528,0.15334
607,13.761,4.2275,0.14925
608,13.618,4.3027,0.14513
609,13.046,4.4229,0.14362
610,12.505,4.655,0.13759
611,12.257,4.8377,0.13189
612,11.892,5.1396,0.12927
613,11.469,5.3027,0.12541
614,11.578,5.58,0.12096
615,11.231,5.7263,0.12211
616,10.78,5.9252,0.11845
617,10.738,6.1718,0.11369
618,10.163,6.3111,0.11324
619,10.226,6.6313,0.10719
620,9.8039,6.8113,0.10785
621,9.6792,7.0966,0.1034
622,9.5499,7.238,0.10208
623,9.3404,7.4322,0.10072
624,9.1689,7.7381,0.098508
625,8.9688,7.9454,0.0967
626,9.0316,8.1535,0.09459
627,8.9261,8.3653,0.095252
628,8.7801,8.5084,0.094139
629,8.8738,8.847,0.092599
630,8.7605,9.047,0.093588
631,8.7794,9.2341,0.092393
632,8.8911,9.4333,0.092592
633,8.9976,9.7129,0.09377
634,9.1774,9.9714,0.094893
635,9.3185,10.018,0.096789
636,9.3702,10.167,0.098277
637,9.7762,10.327,0.098823
638,10.068,10.463,0.1031
639,10.44,10.668,0.10619
640,10.94,10.797,0.11011
641,11.202,10.852,0.11538
642,11.851,10.936,0.11814
643,12.563,10.971,0.12499
644,13.683,11.03,0.1325
645,14.297,11.011,0.14431
646,15.545,10.87,0.15078
647,16.442,10.81,0.16394
648,18.3,10.747,0.17341
649,18.946,10.545,0.193
650,20.673,10.478,0.19981
651,22.747,10.397,0.21803
652,24.93,10.183,0.23991
653,26.025,9.9628,0.26293
654,28.435,9.8544,0.27447
655,29.745,9.6571,0.29989
656,31.739,9.3263,0.3137
657,33.816,9.1317,0.33473
658,35.124,8.7508,0.35665
659,36.971,8.4281,0.37043
660,38.817,8.2312,0.38991
661,39.947,7.9486,0.40938
662,41.655,7.7245,0.4213
663,43.201,7.5607,0.43931
664,43.913,7.2196,0.45562
665,44.57,6.8777,0.46312
666,46.354,6.6824,0.47005
667,47.309,6.3796,0.48887
668,47.743,6.1053,0.49894
669,47.761,5.722,0.50352
670,48.403,5.5829,0.50372
671,50.302,5.3164,0.51049
672,50.219,5.0677,0.53051
673,51.031,4.8595,0.52964
674,50.59,4.5982,0.5382
675,50.555,4.3281,0.53354
676,50.848,4.1417,0.53318
677,51.278,3.7893,0.53627
678,51.228,3.689,0.5408
679,51.501,3.476,0.54028
680,50.784,3.2824,0.54315
681,51.688,3.2076,0.53559
682,52.21,3.071,0.54513
683,51.43,2.883,0.55063
684,50.957,2.7453,0.54241
685,51.081,2.5525,0.53742
686,52.344,2.5046,0.53873
687,51.018,2.3451,0.55204
688,51.667,2.3347,0.53806
689,51.241,2.3127,0.54491
690,50.531,2.1663,0.54041
691,51.801,2.2027,0.53292
692,51.809,2.0249,0.54632
693,49.982,1.8532,0.5464
694,50.85,1.8912,0.52713
695,51.665,1.931,0.53629
696,49.893,1.7345,0.54489
697,51.285,1.8053,0.5262
698,51.354,1.7338,0.54087
699,50.962,1.71,0.54161
700,49.889,1.6334,0.53747
701,49.357,1.6921,0.52616
702,50.405,1.7581,0.52054
703,49.39,1.6487,0.5316
704,49.386,1.5997,0.52089
705,49.517,1.6087,0.52085
706,50.154,1.6169,0.52223
707,48.811,1.5065,0.52895
708,49.054,1.5075,0.51478
709,48.291,1.5877,0.51735
710,48.858,1.6749,0.5093
711,49.392,1.7121,0.51528
712,48.418,1.5932,0.52091
713,49.358,1.6512,0.51064
714,48.702,1.6322,0.52055
715,48.725,1.6684,0.51364
716,47.567,1.5672,0.51388
717,47.707,1.5808,0.50167
718,47.532,1.5238,0.50314
719,48.143,1.6231,0.5013
720,46.558,1.6195,0.50774
721,47.352,1.6285,0.49103
722,47.232,1.6186,0.4994
723,46.443,1.527,0.49813
724,46.437,1.6749,0.48981
725,45.677,1.7118,0.48975
726,46.619,1.7555,0.48173
727,46.276,1.6678,0.49166
728,46.022,1.6107,0.48805
729,45.214,1.5682,0.48537
730,45.372,1.595,0.47685
731,44.456,1.4845,0.47852
732,44.307,1.53,0.46886
733,44.374,1.5527,0.46728
734,43.682,1.4601,0.46799
735,44.34,1.5594,0.4607
736,42.964,1.4822,0.46763
737,43.613,1.5973,0.45312
738,42.974,1.6549,0.45996
739,43.002,1.5985,0.45322
740,43.437,1.7008,0.45353
741,42.567,1.6687,0.45811
742,42.667,1.6636,0.44893
743,41.727,1.7016,0.44999
744,42.066,1.6696,0.44007
745,41.604,1.7307,0.44365
746,40.533,1.816,0.43878
747,40.547,1.7818,0.42749
748,40.334,1.8914,0.42763
749,39.603,1.8074,0.42538
750,39.875,1.9107,0.41767
751,39.316,1.8937,0.42054
752,39.535,2.001,0.41464
753,38.575,1.8625,0.41696
754,38.509,1.8089,0.40683
755,38.806,1.8735,0.40614
756,37.643,1.8198,0.40927
757,38.063,1.8957,0.397
758,36.902,1.862,0.40144
759,37.475,1.8403,0.38918
760,36.621,1.7454,0.39523
761,35.687,1.7464,0.38623
762,35.394,1.8074,0.37637
763,34.919,1.8501,0.37329
764,34.721,1.8409,0.36828
765,35.296,1.9041,0.36619
766,34.125,1.823,0.37225
767,34.59,1.9106,0.3599
768,33.54,1.91,0.36481
769,32.852,1.9508,0.35373
770,33.135,2.0662,0.34648
771,32.998,2.0968,0.34946
772,32.206,2.1345,0.34802
773,31.174,2.1995,0.33966
774,31.097,2.1779,0.32878
775,30.989,2.1341,0.32796
776,30.722,2.1437,0.32683
777,30.016,2.2565,0.32401
778,29.6,2.3123,0.31656
779,29.167,2.2757,0.31218
780,29.444,2.3822,0.30761
781,28.977,2.434,0.31053
782,27.602,2.4729,0.3056
783,27.183,2.4826,0.29111
784,26.721,2.6037,0.28669
785,27.327,2.6636,0.28181
786,25.776,2.6002,0.2882
787,25.823,2.5964,0.27184
788,26.15,2.6133,0.27234
789,25.406,2.6674,0.27579
790,25.311,2.6855,0.26794
791,23.783,2.6502,0.26694
792,24.105,2.7022,0.25083
793,23.46,2.6387,0.25423
794,22.751,2.7403,0.24742
795,22.549,2.9242,0.23994
796,21.891,2.9763,0.23781
797,21.608,3.0662,0.23088
798,21.429,3.0674,0.22789
799,21.014,3.0121,0.226
800,20.869,3.1174,0.22163
801,20.272,3.2094,0.2201
802,20.1,3.2483,0.2138
803,19.888,3.3025,0.21198
804,18.835,3.3035,0.20975
805,18.381,3.398,0.19864
806,18.713,3.6147,0.19385
807,17.664,3.7159,0.19736
808,17.369,3.7871,0.1863
809,17.322,3.9456,0.18319
810,16.78,4.0137,0.18268
811,16.933,4.1175,0.17697
812,16.593,4.1874,0.17859
813,15.887,4.1707,0.17499
814,15.684,4.1584,0.16755
815,15.227,4.2018,0.16541
816,15.073,4.3635,0.16059
817,14.782,4.4208,0.15897
818,14.164,4.6255,0.1559
819,14.134,4.8573,0.14939
820,14.167,4.9802,0.14907
821,13.541,5.0226,0.14941
822,13.199,5.238,0.14281
823,13.127,5.431,0.1392
824,13.009,5.5778,0.13844
825,12.935,5.7278,0.1372
826,12.304,5.9026,0.13642
827,12.435,6.2013,0.12977
828,12.404,6.4983,0.13115
829,12.17,6.6155,0.13082
830,12.08,6.6359,0.12835
831,11.805,6.8483,0.1274
832,11.746,7.0907,0.12451
833,11.753,7.3809,0.12388
834,11.94,7.4954,0.12395
835,11.943,7.6047,0.12592
836,11.928,7.8285,0.12595
837,12.07,8.0816,0.1258
838,11.996,8.2393,0.12729
839,12.171,8.4292,0.12651
840,12.709,8.6281,0.12836
841,12.945,8.5825,0.13403
842,13.257,8.6173,0.13652
843,13.729,8.7292,0.13981
844,13.864,8.8972,0.1448
845,14.856,8.902,0.14622
846,15.12,8.7995,0.15668
847,15.849,8.9335,0.15946
848,16.856,8.9041,0.16715
849,17.582,8.831,0.17777
850,18.913,8.8573,0.18542
851,20.179,8.8402,0.19946
852,20.792,8.7363,0.21282
853,22.546,8.7333,0.21929
854,23.599,8.6401,0.23778
855,25.449,8.4947,0.24888
856,27.467,8.3046,0.2684
857,29.107,8.0765,0.28968
858,31.039,7.9795,0.30698
859,33.285,7.6743,0.32735
860,34.951,7.5312,0.35105
861,36.093,7.3482,0.36861
862,39.03,7.1652,0.38066
863,41.073,6.9342,0.41163
864,42.551,6.7756,0.43318
865,44.308,6.434,0.44877
866,45.713,6.1904,0.46729
867,48.17,6.0191,0.48211
868,50.202,5.7633,0.50803
869,51.385,5.5259,0.52946
870,53.014,5.1955,0.54193
871,53.561,4.832,0.55911
872,55.584,4.6648,0.56489
873,56.723,4.403,0.58621
874,58.063,4.1432,0.59822
875,58.215,3.8528,0.61237
876,58.666,3.5682,0.61397
877,59.887,3.4193,0.61872
878,61.19,3.2137,0.6316
879,62.336,2.9762,0.64534
880,62.244,2.6613,0.65743
881,62.819,2.5785,0.65646
882,62.9,2.3817,0.66252
883,63.393,2.2099,0.66337
884,64.133,2.0886,0.66858
885,64.983,1.969,0.67638
886,64.607,1.8109,0.68534
887,64.935,1.7468,0.68138
888,65.676,1.6773,0.68483
889,66.824,1.6812,0.69265
890,65.68,1.5432,0.70476
891,66.192,1.5896,0.69269
892,67.132,1.656,0.6981
893,66.352,1.5997,0.70801
894,67.54,1.5453,0.69979
895,67.717,1.5646,0.71231
896,68.346,1.5715,0.71418
897,68.408,1.5287,0.72081
898,68.346,1.4977,0.72146
899,68.49,1.4476,0.72081
900,68.953,1.4458,0.72233
901,69.594,1.4579,0.72721
902,69.661,1.4289,0.73397
903,68.654,1.3976,0.73468
904,69.705,1.5338,0.72406
905,69.391,1.4192,0.73515
906,69.652,1.4602,0.73184
907,69.793,1.4935,0.73459
908,70.176,1.4728,0.73608
909,70.808,1.522,0.74012
910,70.59,1.4581,0.74678
911,71,1.4281,0.74448
912,71.313,1.3617,0.7488
913,71.361,1.4367,0.7521
914,71.469,1.3656,0.75261
915,71.509,1.3706,0.75375
916,72.025,1.329,0.75417
917,71.707,1.3779,0.75961
918,71.458,1.3293,0.75626
919,72.298,1.468,0.75363
920,72.8,1.4908,0.76249
921,72.667,1.4153,0.76778
922,72.932,1.4438,0.76638
923,72.858,1.4539,0.76918
924,72.948,1.3426,0.7684
925,73.352,1.4442,0.76935
926,73.615,1.4359,0.7736
927,73.043,1.384,0.77638
928,73.027,1.3571,0.77035
929,73.718,1.4525,0.77018
930,73.758,1.4213,0.77747
931,73.651,1.4011,0.77789
932,73.766,1.4092,0.77676
933,73.978,1.4073,0.77798
934,73.617,1.4047,0.78021
935,73.64,1.3474,0.7764
936,73.733,1.3887,0.77664
937,74.542,1.4504,0.77763
938,74.083,1.3493,0.78615
939,74.628,1.422,0.78131
940,74.252,1.4143,0.78707
941,74.119,1.3882,0.7831
942,74.378,1.4503,0.7817
943,74.207,1.3606,0.78442
944,74.373,1.3681,0.78262
945,74.728,1.4204,0.78438
946,74.413,1.4814,0.78812
947,74.537,1.434,0.78479
948,74.446,1.4829,0.7861
949,74.682,1.4451,0.78515
950,75.118,1.4828,0.78764
951,74.875,1.3551,0.79223
952,75.541,1.396,0.78967
953,75.238,1.3691,0.7967
954,75.382,1.3417,0.7935
955,75.081,1.2972,0.79502
956,75.206,1.3517,0.79184
957,74.69,1.3788,0.79316
958,75.283,1.446,0.78772
959,74.931,1.3957,0.79397
960,75.034,1.515,0.79027
961,75.407,1.4314,0.79134
962,74.462,1.3559,0.79528
963,74.979,1.4391,0.78532
964,75.332,1.514,0.79077
965,75.291,1.4297,0.79449
966,74.807,1.3571,0.79406
967,75.596,1.4614,0.78896
968,75.297,1.3369,0.79728
969,74.98,1.3265,0.79412
970,75.201,1.3431,0.79078
971,75.378,1.2937,0.7931
972,74.603,1.2885,0.79497
973,74.505,1.2549,0.7868
974,75.081,1.392,0.78576
975,74.064,1.397,0.79184
976,74.59,1.4211,0.78111
977,74.295,1.3704,0.78666
978,73.936,1.3178,0.78355
979,74.366,1.3015,0.77976
980,74.389,1.4247,0.78431
981,73.924,1.4287,0.78454
982,74.154,1.3652,0.77964
983,73.689,1.3996,0.78206
984,74.601,1.4709,0.77716
985,73.814,1.385,0.78678
986,73.808,1.3522,0.77848
987,74.349,1.4602,0.77842
988,73.775,1.3786,0.78412
989,73.822,1.4718,0.77807
990,73.12,1.4388,0.77856
991,73.287,1.4005,0.77116
992,73.958,1.4344,0.77292
993,73.204,1.3322,0.78
994,73.551,1.4053,0.77205
995,72.434,1.4064,0.77571
996,72.997,1.428,0.76392
997,72.53,1.4279,0.76986
998,72.312,1.4137,0.76494
999,72.275,1.3992,0.76264
1000,72.187,1.3795,0.76225
1001,72.342,1.3991,0.76132
1002,71.319,1.3526,0.76295
1003,72.001,1.3595,0.75217
1004,71.793,1.3686,0.75936
1005,71.231,1.3959,0.75716
1006,71.626,1.4729,0.75123
1007,70.771,1.4491,0.75541
1008,70.911,1.4532,0.74638
1009,70.774,1.4284,0.74786
1010,70.955,1.4374,0.74642
1011,70.373,1.3841,0.74833
1012,70.801,1.4721,0.74219
1013,69.759,1.4213,0.7467
1014,69.8,1.4715,0.73572
1015,69.566,1.4622,0.73615
1016,69.472,1.5372,0.73368
1017,69.518,1.46,0.73269
1018,69.423,1.3988,0.73317
1019,69.235,1.4749,0.73217
1020,68.536,1.454,0.73019
1021,67.96,1.3687,0.72281
1022,68.223,1.4085,0.71674
1023,67.273,1.4387,0.71951
1024,68.145,1.5388,0.70949
1025,67.103,1.4583,0.7187
1026,67.158,1.4722,0.70771
1027,67.846,1.5438,0.70828
1028,67.039,1.495,0.71553
1029,66.026,1.4216,0.70703
1030,66.53,1.4618,0.69635
1031,66.706,1.5357,0.70166
1032,66.134,1.3831,0.70352
1033,65.25,1.3667,0.69748
1034,65.803,1.343,0.68816
1035,64.913,1.3324,0.69399
1036,65.211,1.4056,0.6846
1037,63.988,1.3686,0.68775
1038,63.625,1.3475,0.67485
1039,63.399,1.3611,0.67103
1040,63.374,1.3787,0.66864
1041,63.476,1.4272,0.66838
1042,62.86,1.3174,0.66945
1043,63.129,1.3846,0.66295
1044,62.404,1.344,0.66579
1045,62.088,1.4445,0.65815
1046,61.182,1.3689,0.65481
1047,61.589,1.4487,0.64525
1048,61.452,1.4204,0.64955
1049,61.719,1.4518,0.64811
1050,60.895,1.4425,0.65092
1051,59.786,1.3536,0.64223
1052,60.045,1.4952,0.63054
1053,59.656,1.4738,0.63327
1054,59.205,1.5504,0.62917
1055,59.09,1.461,0.6244
1056,58.158,1.4771,0.62319
1057,58.868,1.5111,0.61337
1058,58.309,1.4776,0.62085
1059,57.178,1.4747,0.61496
1060,56.396,1.4244,0.60302
1061,56.701,1.442,0.59478
1062,55.99,1.4835,0.59799
1063,56.312,1.5286,0.5905
1064,54.898,1.4744,0.59389
1065,55.423,1.586,0.57898
1066,54.506,1.4783,0.58452
1067,54.237,1.5948,0.57485
1068,53.52,1.4939,0.57201
1069,53.736,1.5105,0.56445
1070,53.206,1.4854,0.56673
1071,53.029,1.5176,0.56114
1072,51.608,1.4526,0.55927
1073,51.602,1.5599,0.54429
1074,50.843,1.4832,0.54422
1075,50.16,1.6074,0.53621
1076,50.002,1.6062,0.52902
1077,50.519,1.5922,0.52735
1078,49.347,1.5631,0.53279
1079,48.529,1.5323,0.52044
1080,48.177,1.5679,0.51181
1081,48.367,1.591,0.5081
1082,48.294,1.5159,0.5101
1083,46.565,1.4222,0.50934
1084,46.703,1.5364,0.4911
1085,45.768,1.477,0.49256
1086,46.831,1.6227,0.48269
1087,44.835,1.493,0.4939
1088,45.051,1.5511,0.47285
1089,44.503,1.5165,0.47513
1090,44.925,1.5828,0.46936
1091,43.783,1.5975,0.4738
1092,42.746,1.5387,0.46176
1093,43.502,1.5708,0.45082
1094,42.889,1.5767,0.45879
1095,41.973,1.5888,0.45233
1096,41.821,1.5635,0.44267
1097,40.975,1.509,0.44107
1098,41.036,1.5578,0.43214
1099,40.064,1.582,0.43279
1100,39.58,1.6206,0.42254
1101,39.612,1.7054,0.41743
1102,39.212,1.6858,0.41777
1103,37.886,1.5952,0.41355
1104,37.748,1.6545,0.39956
1105,37.767,1.6488,0.39811
1106,37.274,1.6102,0.39831
1107,36.413,1.6457,0.39311
1108,36.568,1.6333,0.38403
1109,36.12,1.6663,0.38566
1110,35.059,1.5792,0.38094
1111,33.974,1.6367,0.36975
1112,34.009,1.6639,0.3583
1113,33.417,1.6743,0.35868
1114,32.923,1.7172,0.35244
1115,32.253,1.759,0.34722
1116,32.411,1.7978,0.34016
1117,31.57,1.9237,0.34183
1118,31.037,1.8783,0.33296
1119,30.14,1.8473,0.32733
1120,30.466,1.9579,0.31787
1121,30.132,1.9221,0.32132
1122,30.001,1.9236,0.31779
1123,29.342,1.8564,0.3164
1124,28.845,1.984,0.30945
1125,28.664,1.9798,0.30421
1126,28.006,2.0173,0.3023
1127,26.985,2.0652,0.29537
1128,26.502,2.2,0.28459
1129,26.362,2.2902,0.2795
1130,26.259,2.2696,0.27802
1131,25.195,2.1674,0.27694
1132,24.857,2.189,0.26572
1133,24.094,2.2612,0.26215
1134,23.946,2.2949,0.25411
1135,23.332,2.2848,0.25255
1136,23.529,2.26,0.24607
1137,22.498,2.192,0.24815
1138,21.927,2.385,0.23728
1139,21.376,2.4765,0.23125
1140,21.225,2.6729,0.22544
1141,21.103,2.834,0.22384
1142,20.436,2.8629,0.22257
1143,20.019,2.8815,0.21553
1144,19.415,2.8502,0.21113
1145,19.084,2.8738,0.20476
1146,18.481,2.9738,0.20127
1147,18.414,3.0954,0.19491
1148,17.804,3.2039,0.1942
1149,17.04,3.4025,0.18777
1150,16.698,3.6391,0.17972
1151,16.669,3.8535,0.1761
1152,16.477,3.8899,0.1758
1153,15.808,4.003,0.17378
1154,15.488,4.1785,0.16672
1155,14.878,4.3504,0.16334
1156,14.626,4.4522,0.15691
1157,14.036,4.571,0.15425
1158,14.002,4.756,0.14803
1159,13.32,4.9609,0.14767
1160,13.147,5.1958,0.14048
1161,12.871,5.2755,0.13865
1162,12.74,5.4122,0.13574
1163,12.404,5.5371,0.13436
1164,11.89,5.6502,0.13082
1165,11.722,5.8454,0.1254
1166,11.667,6.0722,0.12363
1167,11.444,6.2618,0.12304
1168,11.17,6.4045,0.12069
1169,11.057,6.6173,0.1178
1170,10.816,6.7665,0.11661
1171,10.823,7.0182,0.11407
1172,10.541,7.1278,0.11414
1173,10.261,7.4315,0.11117
1174,10.219,7.6352,0.10822
1175,10.478,7.7939,0.10777
1176,10.158,8.0065,0.1105
1177,10.339,8.3141,0.10713
1178,10.173,8.5501,0.10904
1179,10.491,8.8112,0.10729
1180,10.675,8.9636,0.11064
1181,10.704,9.0773,0.11258
1182,10.851,9.1912,0.11289
1183,11.216,9.2558,0.11444
1184,11.449,9.4327,0.11828
1185,11.548,9.5197,0.12075
1186,12.185,9.6364,0.12179
1187,12.546,9.5933,0.12851
1188,13.087,9.7256,0.13231
1189,13.709,9.7477,0.13802
1190,14.167,9.7976,0.14458
1191,15.292,9.8034,0.14941
1192,15.545,9.8121,0.16127
1193,16.717,9.8899,0.16395
1194,17.948,9.8796,0.1763
1195,19.013,9.8894,0.18929
1196,20.008,9.6464,0.20052
1197,21.393,9.4539,0.21101
1198,22.905,9.3038,0.22562
1199,24.654,9.1104,0.24157
1200,25.622,8.9062,0.26002
1201,26.946,8.7277,0.27022
1202,28.175,8.5415,0.28419
1203,29.848,8.4543,0.29715
1204,31.538,8.1759,0.31479
1205,31.755,7.9384,0.33262
1206,33.36,7.8403,0.33491
1207,35.247,7.7043,0.35183
1208,35.838,7.5805,0.37173
1209,37.369,7.4639,0.37797
1210,38.699,7.3109,0.39411
1211,40.29,7.0224,0.40814
1212,40.716,6.6628,0.42492
1213,40.689,6.3366,0.42941
1214,41.738,6.1777,0.42913
1215,43.172,5.8932,0.44019
1216,42.537,5.585,0.45532
1217,43.434,5.3665,0.44862
1218,43.05,5.2302,0.45807
1219,43.956,5.058,0.45402
1220,44.009,4.8821,0.46358
1221,44.694,4.6645,0.46414
1222,44.691,4.4295,0.47136
1223,45.318,4.2116,0.47134
1224,45.39,4.0112,0.47795
1225,44.833,3.7847,0.4787
1226,45.675,3.5892,0.47283
1227,45.156,3.4044,0.48171
1228,45.579,3.1226,0.47623
1229,45.001,2.8936,0.4807
1230,45.115,2.8567,0.4746
1231,45.8,2.7039,0.47581
1232,45.761,2.5104,0.48303
1233,45.158,2.4497,0.48261
1234,44.452,2.2968,0.47626
1235,44.602,2.2818,0.46881
1236,44.562,2.1262,0.4704
1237,45.508,2.1892,0.46997
1238,44.94,2.0986,0.47995
1239,43.798,2.0807,0.47396
1240,44.883,2.1611,0.46191
1241,44.14,2.0554,0.47336
1242,44.157,2.1655,0.46552
1243,43.664,2.2249,0.4657
1244,43.393,2.213,0.46051
1245,43.497,2.1713,0.45764
1246,43.743,2.0955,0.45874
1247,43.179,2.0719,0.46134
1248,42.939,1.9437,0.45539
1249,42.197,1.8374,0.45285
1250,43.493,1.8386,0.44504
1251,42.092,1.7335,0.4587
1252,42.496,1.7499,0.44392
1253,41.877,1.8118,0.44818
1254,42.727,1.8082,0.44166
1255,41.911,1.7452,0.45062
1256,42.418,1.7317,0.44201
1257,41.409,1.7331,0.44736
1258,41.744,1.6841,0.43672
1259,41.194,1.6175,0.44026
1260,41.695,1.6344,0.43445
1261,40.372,1.5855,0.43974
1262,40.767,1.6291,0.42579
1263,40.96,1.7155,0.42995
1264,40.143,1.5877,0.43198
1265,40.255,1.6691,0.42337
1266,40.037,1.662,0.42455
1267,40.524,1.7242,0.42225
1268,39.234,1.6215,0.42739
1269,38.506,1.6344,0.41378
1270,39.067,1.6492,0.4061
1271,39.037,1.7882,0.41202
1272,38.561,1.7286,0.41171
1273,38.046,1.7253,0.40669
1274,37.518,1.7065,0.40125
1275,37.585,1.7313,0.39569
1276,37.193,1.7568,0.39639
1277,37.762,1.8734,0.39225
1278,36.484,1.867,0.39825
1279,35.742,1.9989,0.38478
1280,36.324,2.0753,0.37695
1281,35.74,2.1231,0.3831
1282,35.118,2.1444,0.37694
1283,34.616,2.1473,0.37037
1284,34.481,2.14,0.36508
1285,34.221,2.1065,0.36366
1286,34.293,2.1402,0.36091
1287,34.4,2.176,0.36168
1288,33.115,2.0731,0.3628
1289,33.686,2.1101,0.34925
1290,32.433,2.1227,0.35527
1291,32.529,2.2219,0.34206
1292,32.574,2.1611,0.34306
1293,30.963,2.088,0.34354
1294,31.66,2.1201,0.32655
1295,30.56,2.0499,0.3339
1296,30.597,2.1707,0.3223
1297,29.737,2.0981,0.32269
1298,29.417,2.2278,0.31362
1299,29.168,2.2168,0.31025
1300,28.612,2.1409,0.30762
1301,28.463,2.2288,0.30176
1302,28.345,2.2064,0.30019
1303,27.634,2.1732,0.29895
1304,27.094,2.2252,0.29144
1305,27.122,2.3127,0.28575
1306,26.74,2.3758,0.28604
1307,26.062,2.4937,0.28202
1308,25.449,2.4038,0.27487
1309,25.293,2.4697,0.2684
1310,25.459,2.4464,0.26675
1311,24.435,2.4006,0.2685
1312,24.062,2.4664,0.25771
1313,23.266,2.4399,0.25377
1314,23.672,2.4969,0.24538
1315,22.959,2.5595,0.24965
1316,22.462,2.7207,0.24213
1317,22.181,2.6968,0.2369
1318,22.008,2.7398,0.23393
1319,21.226,2.7689,0.23211
1320,20.765,2.7526,0.22386
1321,20.246,2.8862,0.219
1322,19.983,3.014,0.21352
1323,19.493,3.0346,0.21075
1324,19.073,3.0696,0.20559
1325,18.507,3.2698,0.20115
1326,18.214,3.3283,0.19518
1327,17.864,3.4943,0.19209
1328,17.431,3.5074,0.1884
1329,16.751,3.6488,0.18383
1330,16.69,3.7618,0.17666
1331,16.199,3.9319,0.17603
1332,16.047,4.1261,0.17084
1333,15.697,4.1729,0.16923
1334,14.72,4.2552,0.16555
1335,14.254,4.467,0.15524
1336,14.109,4.6116,0.15033
1337,13.48,4.7623,0.1488
1338,13.062,4.9385,0.14216
1339,12.758,5.1571,0.13776
1340,12.382,5.4372,0.13455
1341,12.264,5.7162,0.13059
1342,11.605,5.8084,0.12934
1343,11.608,6.0615,0.12239
1344,11.289,6.2726,0.12243
1345,10.749,6.4631,0.11906
1346,10.549,6.6134,0.11337
1347,10.054,6.7513,0.11125
1348,9.9412,7.0685,0.10604
1349,9.6949,7.2585,0.10485
1350,9.4261,7.5931,0.10225
1351,9.1269,7.9266,0.099413
1352,8.8748,8.1392,0.096257
1353,8.8203,8.3643,0.093598
1354,8.5854,8.5821,0.093023
1355,8.6259,8.9744,0.090546
1356,8.5731,9.142,0.090973
1357,8.2853,9.225,0.090417
1358,8.2501,9.4781,0.087381
1359,8.3104,9.7511,0.08701
1360,8.2511,9.959,0.087646
1361,8.2481,10.179,0.08702
1362,8.3523,10.33,0.086988
1363,8.3872,10.611,0.088088
1364,8.5124,10.823,0.088456
1365,8.6865,10.892,0.089776
1366,8.829,11.059,0.091612
1367,9.066,11.35,0.093115
1368,9.5587,11.465,0.095615
1369,9.8883,11.624,0.10081
1370,10.401,11.805,0.10429
1371,11.035,11.899,0.10969
1372,11.815,11.882,0.11638
1373,12.668,11.757,0.12461
1374,13.272,11.713,0.1336
1375,14.586,11.648,0.13997
1376,15.686,11.629,0.15383
1377,17.312,11.489,0.16543
1378,18.747,11.406,0.18258
1379,20.842,11.225,0.19772
1380,22.619,10.932,0.21981
1381,24.828,10.744,0.23855
1382,26.203,10.523,0.26185
1383,29.178,10.272,0.27635
1384,31.39,10.039,0.30773
1385,34.444,9.6817,0.33106
1386,36.234,9.2583,0.36327
1387,37.642,8.919,0.38214
1388,39.688,8.6494,0.397
1389,41.652,8.3354,0.41857
1390,43.113,8.0237,0.43928
1391,45.78,7.8459,0.45469
1392,47.652,7.541,0.48282
1393,48.615,7.0792,0.50256
1394,49.342,6.7638,0.51271
1395,51.193,6.4687,0.52038
1396,51.576,6.0455,0.53991
1397,52.988,5.7545,0.54394
1398,54.254,5.4602,0.55884
1399,54.057,5.1574,0.57219
1400,54.975,4.9439,0.57012
1401,56.216,4.6663,0.5798
1402,56.836,4.2377,0.59289
1403,56.285,3.8655,0.59942
1404,56.581,3.6242,0.59361
1405,57.472,3.4314,0.59673
1406,57.963,3.2663,0.60613
1407,57.747,2.9492,0.6113
1408,57.955,2.7524,0.60903
1409,58.256,2.6878,0.61122
1410,58.257,2.5078,0.61439
1411,57.674,2.3068,0.61441
1412,58.382,2.2269,0.60826
1413,57.989,2.1189,0.61573
1414,58.838,1.9773,0.61159
1415,57.728,1.7911,0.62054
1416,58.504,1.8761,0.60883
1417,58.814,1.8666,0.61701
1418,58.671,1.8041,0.62028
1419,58.429,1.7678,0.61877
1420,58.825,1.713,0.61622
1421,58.647,1.6221,0.6204
1422,58.592,1.6074,0.61852
1423,58.175,1.4686,0.61794
1424,58.383,1.4805,0.61354
1425,58.966,1.5713,0.61573
1426,58.265,1.4901,0.62189
1427,58.496,1.5155,0.61449
1428,58.22,1.485,0.61693
1429,58.704,1.6209,0.61402
1430,58.241,1.5518,0.61913
1431,58.046,1.5331,0.61424
1432,58.303,1.5874,0.61218
1433,58.305,1.6579,0.61489
1434,58.431,1.5845,0.61491
1435,58.018,1.558,0.61624
1436,57.665,1.5389,0.61189
1437,58.096,1.5189,0.60817
1438,57.459,1.5353,0.61271
1439,58.362,1.6265,0.60599
1440,57.886,1.5339,0.61551
1441,58.614,1.6043,0.61049
1442,57.945,1.5038,0.61817
1443,58.36,1.5911,0.61112
1444,56.967,1.5116,0.6155
1445,57.635,1.4787,0.6008
1446,57.455,1.4874,0.60785
1447,57.235,1.5584,0.60595
1448,56.209,1.5308,0.60363
1449,57.259,1.643,0.59281
1450,56.706,1.6266,0.60388
1451,55.94,1.5939,0.59805
1452,56.425,1.6105,0.58997
1453,56.354,1.709,0.59509
1454,56.531,1.551,0.59434
1455,55.813,1.4381,0.5962
1456,55.65,1.4624,0.58863
1457,55.968,1.5311,0.58692
1458,55.607,1.4688,0.59026
1459,55.847,1.4672,0.58646
1460,54.863,1.4092,0.58899
1461,55.618,1.4807,0.57861
1462,55.346,1.4902,0.58658
1463,54.595,1.4263,0.5837
1464,55.303,1.5652,0.57579
1465,54.202,1.4993,0.58326
1466,53.898,1.4861,0.57164
1467,53.869,1.5065,0.56843
1468,53.473,1.5076,0.56813
1469,53.67,1.5676,0.56395
1470,53.52,1.4952,0.56604
1471,53.876,1.4911,0.56445
1472,52.694,1.4284,0.56821
1473,52.642,1.4444,0.55574
1474,52.521,1.4803,0.55519
1475,51.471,1.4952,0.55391
1476,51.608,1.5788,0.54284
1477,51.71,1.501,0.54429
1478,51.194,1.5078,0.54536
1479,51.483,1.4971,0.53992
1480,51.504,1.5183,0.54297
1481,51.17,1.5952,0.54318
1482,50.002,1.5022,0.53966
1483,49.938,1.5269,0.52735
1484,49.438,1.5089,0.52667
1485,50.072,1.6501,0.5214
1486,50.017,1.612,0.52808
1487,49.001,1.5044,0.52751
1488,48.743,1.55,0.51679
1489,49.188,1.5848,0.51407
1490,47.562,1.5063,0.51876
1491,47.118,1.5997,0.50161
1492,47.024,1.5752,0.49693
1493,47.262,1.6654,0.49594
1494,46.914,1.6782,0.49845
1495,46.929,1.6438,0.49478
1496,45.694,1.6788,0.49493
1497,46.077,1.6801,0.48192
1498,45.634,1.6387,0.48596
1499,46.095,1.5717,0.48128
1500,45.352,1.5754,0.48614
1501,45.296,1.5074,0.47831
1502,44.389,1.5033,0.47772
1503,44.418,1.4977,0.46815
1504,44.446,1.5752,0.46845
1505,43.234,1.4618,0.46875
1506,42.946,1.4913,0.45597
1507,42.698,1.6157,0.45293
1508,42.125,1.615,0.45032
1509,42.762,1.7017,0.44428
1510,41.457,1.5906,0.45099
1511,41.619,1.6844,0.43723
1512,41.472,1.6069,0.43894
1513,40.138,1.6176,0.43738
1514,40.313,1.6422,0.42332
1515,40.095,1.7522,0.42516
1516,39.066,1.7564,0.42286
1517,38.863,1.803,0.41201
1518,38.855,1.84,0.40987
1519,38.359,1.7832,0.40978
1520,37.636,1.7531,0.40455
1521,37.547,1.7741,0.39693
1522,37.303,1.8652,0.39599
1523,36.606,1.8417,0.39341
1524,36.231,1.951,0.38606
1525,35.41,2.0507,0.38211
1526,35.009,2.0768,0.37345
1527,34.477,2.1029,0.36923
1528,34.163,2.1248,0.36361
1529,33.859,2.2309,0.3603
1530,34.028,2.2983,0.3571
1531,33.123,2.1919,0.35888
1532,32.523,2.0725,0.34933
1533,31.811,2.1081,0.343
1534,31.579,2.1186,0.33549
1535,31.243,2.139,0.33305
1536,30.241,2.1701,0.32951
1537,30.005,2.1732,0.31894
1538,29.802,2.083,0.31645
1539,28.687,2.0815,0.31431
1540,28.49,2.1933,0.30255
1541,28.943,2.2535,0.30047
1542,27.528,2.2548,0.30525
1543,27.37,2.3739,0.29033
1544,26.881,2.3976,0.28865
1545,26.639,2.4936,0.2835
1546,26.35,2.4859,0.28095
1547,25.186,2.4334,0.2779
1548,25.003,2.4332,0.26563
1549,24.607,2.4815,0.2637
1550,23.963,2.5739,0.25952
1551,23.499,2.6183,0.25273
1552,23.307,2.6258,0.24783
1553,22.754,2.5733,0.2458
1554,22.483,2.6027,0.23998
1555,21.943,2.6559,0.23711
1556,21.465,2.7418,0.23143
1557,20.781,2.713,0.22638
1558,20.601,2.8443,0.21917
1559,20.323,2.883,0.21727
1560,19.984,2.9564,0.21434
1561,19,2.9157,0.21076
1562,18.968,3.0407,0.20038
1563,18.317,3.2247,0.20005
1564,17.981,3.4237,0.19318
1565,17.702,3.6235,0.18963
1566,17.474,3.6466,0.1867
1567,17.037,3.7044,0.18429
1568,16.849,3.7027,0.17968
1569,16.215,3.7655,0.17769
1570,15.774,3.8122,0.17101
1571,15.284,4.0463,0.16636
1572,14.973,4.1637,0.1612
1573,14.595,4.1922,0.15792
1574,14.358,4.3646,0.15392
1575,13.824,4.5364,0.15143
1576,13.509,4.6961,0.14579
1577,13.551,4.8137,0.14247
1578,13.069,4.8624,0.14292
1579,12.543,5.1488,0.13783
1580,12.357,5.308,0.13229
1581,11.922,5.4051,0.13033
1582,12.056,5.7428,0.12573
1583,11.67,5.7659,0.12715
1584,11.177,5.9123,0.12307
1585,11.195,6.2628,0.11788
1586,10.823,6.3887,0.11807
1587,10.929,6.5667,0.11414
1588,10.609,6.6876,0.11526
1589,10.586,6.7741,0.11189
1590,10.299,6.9042,0.11165
1591,10.224,7.0803,0.10862
1592,10.207,7.3085,0.10783
1593,10.168,7.4832,0.10765
1594,10.089,7.6564,0.10723
1595,9.9637,7.9113,0.10641
1596,10.032,8.1494,0.10508
1597,10.199,8.4732,0.1058
1598,10.106,8.5822,0.10757
1599,10.177,8.829,0.10658
1600,10.417,9.0135,0.10734
1601,10.451,9.2985,0.10986
1602,10.942,9.5467,0.11023
1603,11.327,9.5773,0.1154
1604,11.691,9.5519,0.11946
1605,11.826,9.5557,0.1233
1606,12.604,9.6118,0.12473
1607,13.135,9.5663,0.13293
1608,13.499,9.6093,0.13853
1609,14.248,9.6629,0.14236
1610,14.95,9.6267,0.15027
1611,16.041,9.666,0.15767
1612,17.093,9.6682,0.16918
1613,18.005,9.6474,0.18027
1614,19.34,9.5186,0.18989
1615,20.212,9.382,0.20397
1616,22.193,9.2536,0.21316
1617,23.563,9.2092,0.23406
1618,25.275,9.1488,0.24851
1619,26.699,8.9363,0.26656
1620,28.293,8.8275,0.28158
1621,30.539,8.7438,0.29839
1622,32.43,8.5793,0.32208
1623,34.919,8.3481,0.34203
1624,37.172,8.0497,0.36827
1625,38.498,7.8119,0.39203
1626,39.146,7.4834,0.40602
1627,41.371,7.2127,0.41285
1628,42.482,6.9348,0.43632
1629,43.846,6.7894,0.44804
1630,46.063,6.6057,0.46242
1631,47.136,6.3424,0.4858
1632,48.434,6.0877,0.49712
1633,49.142,5.8433,0.51081
1634,50.018,5.6476,0.51827
1635,52.43,5.3828,0.52752
1636,52.773,5.0781,0.55296
1637,53.876,4.7251,0.55657
1638,53.714,4.4656,0.56821
1639,54.891,4.2066,0.5665
1640,54.106,3.9798,0.57891
1641,55.281,3.7415,0.57063
1642,55.74,3.556,0.58302
1643,56.248,3.323,0.58787
1644,56.564,3.0591,0.59322
1645,56.747,2.9851,0.59655
1646,56.434,2.7541,0.59848
1647,57.868,2.6057,0.59518
1648,57.196,2.3724,0.61031
1649,58.562,2.2309,0.60322
1650,57.651,2.1143,0.61763
1651,57.954,2.0256,0.60802
1652,58.862,1.9006,0.61122
1653,58.443,1.7671,0.62079
1654,58.165,1.7444,0.61637
1655,58.441,1.753,0.61344
1656,59.144,1.7248,0.61635
1657,58.608,1.7246,0.62376
1658,59.33,1.6589,0.61811
1659,59.237,1.6157,0.62572
1660,59.534,1.5924,0.62474
1661,58.571,1.5205,0.62788
1662,58.33,1.5238,0.61772
1663,58.801,1.6248,0.61518
1664,59.805,1.6349,0.62015
1665,59.239,1.5555,0.63073
1666,59.37,1.4743,0.62476
1667,59.842,1.5763,0.62615
1668,60.101,1.6074,0.63113
1669,59.284,1.5066,0.63386
1670,59.76,1.6087,0.62524
1671,58.896,1.5972,0.63026
1672,60.308,1.627,0.62115
1673,59.406,1.6084,0.63604
1674,58.624,1.5799,0.62653
1675,60.264,1.605,0.61827
1676,59.563,1.4989,0.63558
1677,58.718,1.5939,0.62818
1678,58.94,1.576,0.61927
1679,58.875,1.5551,0.62161
1680,58.895,1.5581,0.62093
1681,59.49,1.4799,0.62114
1682,59.584,1.425,0.62741
1683,59.264,1.4094,0.62841
1684,60.171,1.4401,0.62502
1685,59.184,1.4638,0.6346
1686,58.312,1.3587,0.62419
1687,58.455,1.4066,0.61499
1688,59.7,1.5474,0.6165
1689,59.623,1.5149,0.62963
1690,59.076,1.5024,0.62882
1691,58.918,1.517,0.62305
1692,59.45,1.4573,0.62138
1693,58.781,1.3951,0.62699
1694,58.933,1.4576,0.61994
1695,57.897,1.3441,0.62154
1696,58.29,1.3941,0.61061
1697,58.374,1.5581,0.61475
1698,58.824,1.5328,0.61564
1699,58.271,1.4767,0.62039
1700,57.767,1.4644,0.61456
1701,58.244,1.5885,0.60924
1702,58.206,1.5999,0.61427
1703,57.689,1.4959,0.61387
1704,57.611,1.5071,0.60842
1705,58.053,1.533,0.6076
1706,57.142,1.5407,0.61226
1707,57.887,1.6356,0.60264
1708,57.092,1.6174,0.61051
1709,57.077,1.667,0.60212
1710,56.063,1.5417,0.60197
1711,56.127,1.5403,0.59127
1712,56.321,1.5451,0.59194
1713,56.086,1.5106,0.59399
1714,56.668,1.6112,0.59151
1715,55.421,1.5605,0.59765
1716,56.404,1.6851,0.5845
1717,55.227,1.5758,0.59487
1718,55.17,1.6248,0.58245
1719,55.541,1.6634,0.58185
1720,55.275,1.5818,0.58576
1721,55.06,1.5215,0.58296
1722,54.461,1.5626,0.58069
1723,53.418,1.5343,0.57438
1724,53.489,1.5285,0.56338
1725,54.033,1.578,0.56413
1726,52.885,1.5475,0.56986
1727,52.944,1.5947,0.55775
1728,52.434,1.5527,0.55838
1729,52.649,1.5511,0.55299
1730,53.424,1.6773,0.55526
1731,52.508,1.5935,0.56343
1732,52.238,1.6317,0.55378
1733,51.087,1.559,0.55093
1734,51.566,1.672,0.53879
1735,50.77,1.6252,0.54384
1736,50.971,1.7317,0.53545
1737,51.471,1.6303,0.53757
1738,49.605,1.6456,0.54284
1739,50.338,1.6595,0.52316
1740,50.16,1.6371,0.5309
1741,49.36,1.5166,0.52902
1742,49.165,1.5917,0.52058
1743,48.903,1.6751,0.51852
1744,49.313,1.6909,0.51576
1745,48.834,1.6195,0.52008
1746,48.02,1.686,0.51503
1747,47.157,1.6296,0.50644
1748,47.528,1.6901,0.49735
1749,47.443,1.5757,0.50125
1750,47.086,1.6758,0.50036
1751,46.808,1.6453,0.49659
1752,45.873,1.5827,0.49366
1753,46.037,1.6298,0.4838
1754,45.751,1.5762,0.48553
1755,45.081,1.5475,0.48251
1756,44.306,1.681,0.47545
1757,44.919,1.731,0.46727
1758,44.684,1.6674,0.47374
1759,44.073,1.5519,0.47126
1760,43,1.5838,0.46481
1761,43.349,1.5698,0.4535
1762,43.69,1.6379,0.45718
1763,42.39,1.6648,0.46077
1764,41.638,1.7031,0.44707
1765,41.477,1.7272,0.43913
1766,42.33,1.8317,0.43743
1767,40.716,1.754,0.44643
1768,40.729,1.8017,0.42941
1769,41.117,1.7924,0.42955
1770,40.537,1.7712,0.43364
1771,39.152,1.7166,0.42752
1772,39.598,1.8073,0.41292
1773,38.83,1.7269,0.41762
1774,38.796,1.6828,0.40952
1775,37.365,1.7234,0.40917
1776,37.412,1.8048,0.39407
1777,36.507,1.8845,0.39456
1778,36.802,2.0118,0.38502
1779,36.514,2.0329,0.38813
1780,35.893,1.9666,0.3851
1781,35.201,1.9232,0.37854
1782,34.379,1.9883,0.37125
1783,34.082,1.9704,0.36258
1784,34.45,2.1028,0.35944
1785,33.844,2.0911,0.36333
1786,32.758,1.9831,0.35694
1787,33.567,2.1417,0.34549
1788,32.326,2.1488,0.35402
1789,31.661,2.1043,0.34093
1790,31.891,2.0919,0.33392
1791,31.302,2.1039,0.33634
1792,30.572,2.0348,0.33012
1793,30.817,2.1428,0.32243
1794,29.982,2.2063,0.32502
1795,29.158,2.183,0.31621
1796,29.53,2.2255,0.30751
1797,28.533,2.2479,0.31143
1798,28.42,2.2182,0.30092
1799,27.843,2.2014,0.29973
1800,27.16,2.3037,0.29365
1801,27.207,2.335,0.28644
1802,27.068,2.3728,0.28694
1803,25.834,2.3523,0.28548
1804,26.006,2.3554,0.27246
1805,25.478,2.2591,0.27427
1806,24.727,2.2524,0.26871
1807,24.599,2.3938,0.26078
1808,24.145,2.4662,0.25944
1809,24.318,2.6177,0.25464
1810,22.812,2.5621,0.25647
1811,23.144,2.6057,0.24059
1812,22.311,2.6074,0.24409
1813,22.26,2.73,0.23531
1814,21.86,2.6706,0.23476
1815,20.699,2.7287,0.23054
1816,20.789,2.8194,0.2183
1817,20.411,2.994,0.21926
1818,20.282,3.1182,0.21526
1819,19.413,3.2275,0.21391
1820,19.626,3.2961,0.20474
1821,19.184,3.4111,0.20698
1822,18.754,3.5003,0.20233
1823,18.132,3.5486,0.19779
1824,17.781,3.5147,0.19123
1825,17.317,3.5306,0.18753
1826,17.124,3.5888,0.18263
1827,17.116,3.6078,0.1806
1828,16.594,3.61,0.18051
1829,16.18,3.6472,0.17501
1830,15.935,3.8579,0.17065
1831,15.756,3.8644,0.16805
1832,15.291,3.9088,0.16617
1833,14.823,3.9787,0.16126
1834,14.945,4.0903,0.15633
1835,14.288,4.1789,0.15762
1836,14.47,4.3754,0.15069
1837,13.793,4.5626,0.15261
1838,14.003,4.7489,0.14547
1839,13.775,4.7876,0.14768
1840,13.374,4.926,0.14527
1841,13.223,5.1913,0.14105
1842,12.837,5.284,0.13946
1843,12.56,5.4403,0.13539
1844,12.601,5.6668,0.13247
1845,12.313,5.9334,0.1329
1846,12.417,6.1362,0.12986
1847,12.249,6.2995,0.13095
1848,12.229,6.4362,0.12918
1849,12.005,6.5276,0.12897
1850,12.262,6.5921,0.12661
1851,11.903,6.6032,0.12932
1852,12.061,6.8067,0.12553
1853,12.081,6.8547,0.1272
1854,12.216,6.9571,0.12742
1855,12.142,7.1317,0.12883
1856,12.46,7.2558,0.12806
1857,12.209,7.2753,0.13141
1858,12.679,7.4774,0.12876
1859,13.129,7.6039,0.13372
1860,13.02,7.7405,0.13846
1861,13.578,7.807,0.13732
1862,14.061,7.8229,0.1432
1863,14.179,7.8902,0.1483
1864,14.889,8.0151,0.14954
1865,15.491,8.0549,0.15702
1866,15.724,8.0985,0.16338
1867,16.369,8.2422,0.16583
1868,17.392,8.336,0.17264
1869,18.939,8.2315,0.18342
1870,19.156,8.1023,0.19974
1871,20.721,8.071,0.20203
1872,22.122,7.8914,0.21854
1873,23.51,7.8635,0.23331
1874,24.404,7.7634,0.24795
1875,26.008,7.6011,0.25738
1876,27.612,7.4114,0.27429
1877,29.283,7.3481,0.29121
1878,31.104,7.2289,0.30883
1879,32.077,6.9311,0.32804
1880,34.6,6.7396,0.3383
1881,36.062,6.4917,0.36491
1882,37.431,6.3544,0.38033
1883,38.539,6.1357,0.39477
1884,40.543,5.8636,0.40645
1885,42.161,5.7084,0.42759
1886,43.53,5.4212,0.44465
1887,45.089,5.2213,0.45909
1888,46.397,4.9975,0.47553
1889,47.566,4.7296,0.48933
1890,49.129,4.5944,0.50166
1891,50.244,4.4426,0.51814
1892,51.709,4.2989,0.52989
1893,53.165,4.0792,0.54535
1894,53.784,3.8092,0.5607
1895,54.721,3.65,0.56723
1896,55.1,3.4238,0.57711
1897,56.433,3.2203,0.58111
1898,56.121,3.0248,0.59517
1899,57.718,2.8549,0.59188
1900,57.323,2.7003,0.60872
1901,58.892,2.6343,0.60455
1902,60.15,2.5061,0.6211
1903,60.693,2.3085,0.63437
1904,59.612,2.1466,0.6401
1905,60.685,2.1713,0.62869
1906,61.796,2.0779,0.64001
1907,62.471,1.9817,0.65173
1908,61.605,1.8601,0.65885
1909,62.684,1.7122,0.64972
1910,62.607,1.6292,0.6611
1911,62.613,1.7257,0.66029
1912,63.719,1.7476,0.66035
1913,63.136,1.731,0.67201
1914,64.225,1.678,0.66586
1915,63.991,1.5528,0.67735
1916,64.805,1.6269,0.67488
1917,65.635,1.5169,0.68347
1918,64.402,1.4145,0.69222
1919,65.213,1.4965,0.67921
1920,65.412,1.5328,0.68777
1921,65.792,1.6179,0.68987
1922,65.829,1.5509,0.69388
1923,66.498,1.6216,0.69426
1924,66.959,1.6351,0.70132
1925,66.761,1.5349,0.70619
1926,66.75,1.5958,0.7041
1927,67.36,1.5203,0.70398
1928,67.046,1.4742,0.71042
1929,67.366,1.5756,0.7071
1930,67.366,1.5645,0.71048
1931,67.643,1.5957,0.71048
1932,67.596,1.6022,0.7134
1933,68.877,1.6517,0.7129
1934,68.822,1.5464,0.72641
1935,68.583,1.6053,0.72583
1936,69.701,1.6605,0.72331
1937,68.843,1.4944,0.7351
1938,68.807,1.5128,0.72605
1939,70.172,1.4927,0.72567
1940,69.968,1.5121,0.74007
1941,70.544,1.4673,0.73791
1942,69.524,1.3632,0.74399
1943,69.813,1.475,0.73324
1944,69.903,1.4808,0.73628
1945,69.597,1.4381,0.73723
1946,70.425,1.4681,0.73401
1947,69.923,1.4,0.74274
1948,70.659,1.5311,0.73744
1949,71.317,1.5558,0.7452
1950,70.386,1.4011,0.75214
1951,71.456,1.482,0.74232
1952,70.803,1.5291,0.75362
1953,71.479,1.5661,0.74673
1954,71.388,1.5369,0.75385
1955,71.11,1.52,0.7529
1956,71.371,1.5204,0.74996
1957,71.305,1.4929,0.75272
1958,71.386,1.5007,0.75202
1959,71.947,1.5535,0.75288
1960,71.874,1.4747,0.75879
1961,71.851,1.4755,0.75802
1962,72.318,1.3748,0.75778
1963,71.826,1.3464,0.76271
1964,71.81,1.3429,0.75751
1965,72.239,1.336,0.75734
1966,72.722,1.4327,0.76187
1967,72.463,1.3834,0.76696
1968,72.324,1.4172,0.76424
1969,72.492,1.3737,0.76276
1970,72.231,1.371,0.76454
1971,72.192,1.334,0.76179
1972,72.726,1.4243,0.76138
1973,71.861,1.4504,0.76701
1974,72.269,1.4772,0.75789
1975,72.531,1.4921,0.76218
1976,73.138,1.4739,0.76494
1977,72.63,1.4077,0.77135
1978,72.638,1.4225,0.766
1979,73.253,1.4126,0.76608
1980,72.62,1.3504,0.77257
1981,72.64,1.3786,0.76588
1982,71.99,1.4088,0.7661
1983,72.212,1.3877,0.75925
1984,72.464,1.3955,0.76158
1985,72.874,1.38,0.76424
1986,72.368,1.3093,0.76856
1987,72.437,1.4052,0.76323
1988,72.96,1.5325,0.76395
1989,72.33,1.3986,0.76948
1990,72.466,1.3588,0.76283
1991,72.056,1.3616,0.76427
1992,72.565,1.4098,0.75993
1993,72.804,1.4739,0.76531
1994,72.151,1.4698,0.76783
1995,71.457,1.3957,0.76094
1996,72.115,1.5037,0.75362
1997,72.261,1.3844,0.76056
1998,72.2,1.4326,0.7621
1999,71.397,1.345,0.76145
2000,71.29,1.3385,0.75298
2001,72.006,1.3932,0.75186
2002,71.305,1.3319,0.75942
2003,71.572,1.3065,0.75202
2004,71.109,1.3402,0.75483
2005,71.722,1.3805,0.74995
2006,71.294,1.3521,0.75642
2007,71.437,1.4209,0.75191
2008,71.548,1.4163,0.75341
2009,70.551,1.3513,0.75459
2010,71.757,1.4092,0.74407
2011,70.952,1.4104,0.75678
2012,71.485,1.3946,0.7483
2013,70.332,1.3201,0.75392
2014,71.157,1.4511,0.74176
2015,69.98,1.3415,0.75046
2016,69.952,1.3373,0.73805
2017,70.257,1.3854,0.73775
2018,70.699,1.4122,0.74096
2019,69.595,1.3219,0.74563
2020,69.533,1.3439,0.73398
2021,70.128,1.4447,0.73333
2022,69.345,1.3244,0.73961
2023,69.37,1.464,0.73135
2024,68.952,1.3373,0.73162
2025,69.17,1.3982,0.72721
2026,68.286,1.3678,0.72951
2027,69.312,1.4855,0.72018
2028,68.861,1.4332,0.73099
2029,68.484,1.3955,0.72624
2030,67.535,1.2831,0.72227
2031,68.363,1.384,0.71226
2032,67.815,1.3519,0.72099
2033,67.183,1.4019,0.71522
2034,68.152,1.3955,0.70855
2035,67.294,1.4179,0.71877
2036,67.443,1.3354,0.70972
2037,66.757,1.3541,0.71129
2038,66.703,1.4123,0.70406
2039,66.469,1.3498,0.70348
2040,66.195,1.3174,0.70101
2041,66.889,1.4624,0.69812
2042,66.217,1.4591,0.70545
2043,65.174,1.3191,0.69836
2044,65.301,1.3687,0.68736
2045,65.37,1.4915,0.6887
2046,64.974,1.4431,0.68943
2047,63.768,1.5611,0.68525
2048,64.606,1.5996,0.67253
2049,64.085,1.5712,0.68137
2050,63.651,1.5415,0.67587
2051,63.361,1.472,0.67129
2052,62.583,1.4477,0.66824
2053,62.951,1.4715,0.66003
2054,63.052,1.4597,0.66391
2055,63.023,1.4326,0.66498
2056,61.63,1.346,0.66468
2057,62.336,1.3751,0.64998
2058,62.098,1.4346,0.65742
2059,61.533,1.3736,0.65492
2060,61.575,1.4481,0.64896
2061,60.226,1.333,0.6494
2062,60.234,1.4416,0.63517
2063,60.794,1.5083,0.63526
2064,59.813,1.5371,0.64117
2065,58.901,1.4725,0.63082
2066,58.755,1.4806,0.6212
2067,59.554,1.5544,0.61967
2068,58.345,1.5598,0.62809
2069,58.459,1.5788,0.61534
2070,56.977,1.5371,0.61653
2071,57.6,1.5565,0.60091
2072,56.32,1.5811,0.60748
2073,56.551,1.5971,0.59398
2074,56.045,1.5197,0.59642
2075,56.315,1.5921,0.59108
2076,55.639,1.4543,0.59393
2077,54.974,1.5405,0.5868
2078,55.137,1.64,0.57978
2079,54.222,1.5403,0.58151
2080,53.367,1.5143,0.57185
2081,53.354,1.6204,0.56284
2082,53.347,1.5962,0.5627
2083,53.42,1.6869,0.56262
2084,52.37,1.5838,0.56339
2085,51.623,1.5562,0.55232
2086,51.156,1.5912,0.54444
2087,50.792,1.6691,0.53952
2088,50.574,1.5792,0.53568
2089,49.609,1.5713,0.53338
2090,49.962,1.6328,0.5232
2091,48.675,1.5351,0.52692
2092,48.852,1.5003,0.51336
2093,47.981,1.5422,0.51522
2094,47.306,1.5551,0.50603
2095,47.213,1.5566,0.49892
2096,47.45,1.5388,0.49793
2097,46.823,1.5444,0.50043
2098,45.933,1.4807,0.49381
2099,46.465,1.5245,0.48443
2100,45.256,1.562,0.49005
2101,44.733,1.5777,0.47729
2102,44.181,1.6373,0.47177
2103,43.926,1.6647,0.46595
2104,44.129,1.6702,0.46326
2105,43.527,1.6271,0.46541
2106,42.126,1.5373,0.45906
2107,42.452,1.633,0.44428
2108,42.095,1.645,0.44772
2109,40.937,1.637,0.44395
2110,40.765,1.6626,0.43174
2111,40.804,1.7115,0.42993
2112,39.648,1.7041,0.43033
2113,39.161,1.7322,0.41814
2114,38.681,1.758,0.41301
2115,38.698,1.8005,0.40795
2116,38.88,1.8708,0.40813
2117,37.898,1.8316,0.41004
2118,37.159,1.7575,0.39969
2119,36.697,1.8052,0.39189
2120,36.396,1.8041,0.38703
2121,35.529,1.7589,0.38385
2122,35.256,1.7869,0.37471
2123,34.544,1.7882,0.37183
2124,34.024,1.8,0.36432
2125,33.153,1.9304,0.35883
2126,33.387,2.056,0.34965
2127,32.706,2.1242,0.35211
2128,31.887,2.2273,0.34493
2129,31.534,2.2565,0.33629
2130,30.567,2.1872,0.33257
2131,30.084,2.2291,0.32238
2132,29.903,2.268,0.31728
2133,28.5,2.2189,0.31537
2134,28.223,2.3856,0.30057
2135,28.57,2.5066,0.29766
2136,27.932,2.4169,0.30131
2137,27.403,2.3705,0.29458
2138,26.462,2.3927,0.28901
2139,26.088,2.4521,0.27908
2140,25.434,2.4351,0.27514
2141,25.145,2.4686,0.26824
2142,24.45,2.4834,0.26519
2143,24.541,2.6353,0.25786
2144,23.024,2.5349,0.25882
2145,22.493,2.5634,0.24282
2146,22.262,2.5848,0.23723
2147,21.879,2.592,0.23478
2148,21.225,2.6431,0.23074
2149,20.435,2.7974,0.22385
2150,21.022,2.9382,0.21551
2151,20.676,3.0366,0.22171
2152,19.82,3.0305,0.21806
2153,19.382,3.1009,0.20903
2154,18.837,3.1225,0.20442
2155,18.261,3.2927,0.19867
2156,17.786,3.3965,0.19259
2157,17.375,3.5826,0.18758
2158,17.16,3.711,0.18324
2159,16.585,3.7629,0.18097
2160,16.169,3.9072,0.17491
2161,15.688,3.9147,0.17053
2162,15.156,3.9944,0.16545
2163,14.821,4.096,0.15984
2164,14.35,4.2408,0.15631
2165,14.196,4.3147,0.15134
2166,13.684,4.4624,0.14972
2167,13.269,4.6461,0.14432
2168,13.151,4.8374,0.13994
2169,12.723,5.0153,0.1387
2170,12.559,5.2354,0.13418
2171,12.394,5.4086,0.13245
2172,11.884,5.459,0.13071
2173,11.733,5.6567,0.12533
2174,11.23,5.8572,0.12375
2175,11.076,6.1925,0.11844
2176,10.967,6.3584,0.11682
2177,10.88,6.5513,0.11566
2178,10.537,6.6841,0.11474
2179,10.408,6.8911,0.11113
2180,10.403,7.0679,0.10977
2181,10.14,7.2432,0.10972
2182,10.033,7.5393,0.10694
2183,9.997,7.8811,0.10582
2184,9.729,7.9809,0.10543
2185,9.981,8.2249,0.10261
2186,10.037,8.4291,0.10526
2187,9.8518,8.4869,0.10586
2188,10.044,8.6829,0.1039
2189,10.092,8.8321,0.10593
2190,10.105,8.9762,0.10643
2191,10.258,9.2092,0.10658
2192,10.51,9.3275,0.10818
2193,10.709,9.467,0.11084
2194,10.713,9.5878,0.11295
2195,11.181,9.7666,0.11299
2196,11.457,9.9855,0.11793
2197,11.829,10.114,0.12083
2198,12.505,10.219,0.12475
2199,13.283,10.356,0.13188
2200,13.664,10.335,0.14009
2201,14.694,10.421,0.1441
2202,15.046,10.386,0.15497
2203,16.148,10.388,0.15868
2204,17.336,10.371,0.17031
2205,18.018,10.22,0.18283
2206,19.423,10.249,0.19003
2207,20.554,10.003,0.20484
2208,21.782,9.8269,0.21678
2209,22.613,9.6822,0.22972
2210,24.427,9.5039,0.23849
2211,24.782,9.3334,0.25762
2212,26.344,9.2296,0.26137
2213,27.305,9.0442,0.27784
2214,28.702,8.9313,0.28798
2215,30.491,8.7892,0.3027
2216,31.004,8.4549,0.32157
2217,32.548,8.2233,0.32698
2218,33.24,8.049,0.34326
2219,33.317,7.7974,0.35057
2220,34.407,7.6949,0.35138
2221,34.42,7.5133,0.36287
2222,35.234,7.3647,0.36301
2223,35.408,7.1497,0.3716
2224,36.412,6.9919,0.37343
2225,36.101,6.8102,0.38402
2226,36.51,6.5945,0.38074
2227,37.139,6.4463,0.38506
2228,37.175,6.1222,0.39169
2229,37.057,5.9521,0.39207
2230,36.684,5.7898,0.39082
2231,36.828,5.596,0.38689
2232,35.868,5.3955,0.3884
2233,36.339,5.3605,0.37828
2234,36.677,5.0871,0.38325
2235,35.918,4.9741,0.38682
2236,35.581,4.9413,0.37881
2237,35.134,4.8568,0.37526
2238,35.041,4.6229,0.37055
2239,34.614,4.4435,0.36956
2240,33.953,4.2463,0.36505
2241,33.829,4.2134,0.35809
2242,33.589,4.0806,0.35678
2243,33.266,3.9692,0.35424
2244,32.642,3.7535,0.35084
2245,32.579,3.6758,0.34425
2246,31.926,3.5314,0.3436
2247,31.135,3.4515,0.33671
2248,30.852,3.4049,0.32836
2249,30.544,3.485,0.32538
2250,30.245,3.5177,0.32214
2251,28.918,3.462,0.31898
2252,29.41,3.528,0.30498
2253,28.767,3.3628,0.31018
2254,27.942,3.307,0.3034
2255,27.719,3.2106,0.29469
2256,27.277,3.1365,0.29234
2257,26.362,2.982,0.28768
2258,26.551,2.9143,0.27803
2259,26.136,2.7996,0.28002
2260,25.692,2.8575,0.27565
2261,25.015,2.8567,0.27097
2262,24.798,3.0025,0.26382
2263,24.697,2.9447,0.26154
2264,23.28,2.9126,0.26047
2265,23.443,2.9181,0.24552
2266,22.843,2.874,0.24724
2267,22.356,2.8529,0.24091
2268,22.46,2.8709,0.23578
2269,22.301,2.8769,0.23687
2270,21.446,2.7811,0.23519
2271,20.862,2.9176,0.22618
2272,20.528,2.9883,0.22002
2273,20.676,3.1656,0.2165
2274,19.686,3.1373,0.21806
2275,19.492,3.1877,0.20762
2276,18.766,3.173,0.20558
2277,18.024,3.3241,0.19792
2278,18.015,3.4912,0.19009
2279,17.731,3.6133,0.18999
2280,16.952,3.7443,0.187
2281,16.651,3.9327,0.17879
2282,16.417,4.1017,0.17561
2283,15.578,4.1358,0.17314
2284,15.377,4.275,0.16429
2285,14.915,4.3836,0.16217
2286,14.47,4.5067,0.1573
2287,14.149,4.6525,0.1526
2288,13.742,4.6922,0.14923
2289,13.147,4.8663,0.14493
2290,12.837,5.1267,0.13866
2291,12.413,5.2368,0.13539
2292,11.876,5.4446,0.13091
2293,11.737,5.6843,0.12525
2294,11.098,5.874,0.12378
2295,10.806,6.18,0.11704
2296,10.717,6.4886,0.11397
2297,10.226,6.705,0.11303
2298,9.9538,6.9647,0.10784
2299,9.6156,7.1161,0.10498
2300,9.2112,7.3034,0.10141
2301,9.0406,7.592,0.097146
2302,8.7983,7.9465,0.095347
2303,8.5038,8.2493,0.092792
2304,8.3012,8.5285,0.089685
2305,8.0644,8.8409,0.087549
2306,7.9525,9.1013,0.085052
2307,7.7684,9.4027,0.083871
2308,7.6813,9.7672,0.081929
2309,7.5918,10.039,0.081011
2310,7.3683,10.279,0.080067
2311,7.3533,10.545,0.07771
2312,7.3533,10.833,0.077552
